<?xml version="1.0" encoding="UTF-8"?>
<project-private xmlns="http://www.netbeans.org/ns/project-private/1">
    <editor-bookmarks xmlns="http://www.netbeans.org/ns/editor-bookmarks/2" lastBookmarkId="0"/>
    <open-files xmlns="http://www.netbeans.org/ns/projectui-open-files/2">
        <group>
            <file>file:/D:/Documentos/NetBeansProjects/ComedorMontenegro/src/GUI/crearEstudiante.java</file>
            <file>file:/D:/Documentos/NetBeansProjects/ComedorMontenegro/src/GUI/principalAplicacion.java</file>
            <file>file:/D:/Documentos/NetBeansProjects/ComedorMontenegro/src/Logic/dataConnection.java</file>
            <file>file:/D:/Documentos/NetBeansProjects/ComedorMontenegro/src/GUI/logInEstudianteDocumento.java</file>
            <file>file:/D:/Documentos/NetBeansProjects/ComedorMontenegro/src/Logic/main.java</file>
            <file>file:/D:/Documentos/NetBeansProjects/ComedorMontenegro/src/GUI/generarInforme.java</file>
            <file>file:/D:/Documentos/NetBeansProjects/ComedorMontenegro/src/GUI/LogInEstudianteHuella.java</file>
            <file>file:/D:/Documentos/NetBeansProjects/ComedorMontenegro/src/GUI/logInEstudiante.java</file>
        </group>
    </open-files>
</project-private>
