# Host: localhost  (Version 5.7.17-log)
# Date: 2017-05-18 16:31:59
# Generator: MySQL-Front 6.0  (Build 1.194)


#
# Structure for table "administrador"
#

DROP TABLE IF EXISTS `administrador`;
CREATE TABLE `administrador` (
  `codigoAdmin` int(11) NOT NULL AUTO_INCREMENT,
  `nickname` varchar(15) DEFAULT NULL,
  `password` varchar(20) DEFAULT NULL,
  `nombres` varchar(50) DEFAULT NULL,
  `apellidos` varchar(50) DEFAULT NULL,
  PRIMARY KEY (`codigoAdmin`)
) ENGINE=InnoDB AUTO_INCREMENT=2 DEFAULT CHARSET=latin1;

#
# Data for table "administrador"
#

INSERT INTO `administrador` VALUES (1,'administrador1','admin123','juan','alape');

#
# Structure for table "estudiante"
#

DROP TABLE IF EXISTS `estudiante`;
CREATE TABLE `estudiante` (
  `documento` int(11) NOT NULL DEFAULT '0',
  `nombres` varchar(60) DEFAULT NULL,
  `apellidos` varchar(60) DEFAULT NULL,
  `grado` varchar(5) DEFAULT NULL,
  `sexo` varchar(2) DEFAULT NULL,
  `tipoPoblacion` varchar(50) DEFAULT NULL,
  `modeloPedagogico` varchar(20) DEFAULT NULL,
  PRIMARY KEY (`documento`)
) ENGINE=InnoDB DEFAULT CHARSET=latin1;

#
# Data for table "estudiante"
#

INSERT INTO `estudiante` VALUES (123,'Fernada','areas','4b','F','AFRO COLOMBIANO','TRADICIONAL'),(965,'mario','bros','3a','M','AFRO COLOMBIANO','TRADICIONAL'),(1023,'ale','mart','10a','F','AFRO COLOMBIANO','TRADICIONAL'),(1025,'mate','mate','9a','M','AFRO COLOMBIANO','TRADICIONAL'),(1026,'Alejandra','Martos Diaz','11-a','F','DESPLAZADOS','FLEXIBLE'),(1027,'ana','chavez','2a','F','AFRO COLOMBIANO','TRADICIONAL'),(1028,'daniela','alzate','3d','F','AFRO COLOMBIANO','TRADICIONAL'),(12343,'Juan','Alape','10-c','M','AFRO COLOMBIANO','TRADICIONAL'),(67566,'Laura','Yepes','5a','F','AFRO COLOMBIANO','TRADICIONAL'),(951031,'Mateo','Cano Alfonso','5-a','M','OTRA','FLEXIBLE'),(9736170,'faber','giraldo','11a','F','AFRO COLOMBIANO','TRADICIONAL'),(1094927742,'juan','alape','6a','M','N/A','TRADICIONAL'),(1094962714,'aleja','nieta','11a','F','N/A','TRADICIONAL');

#
# Structure for table "huella"
#

DROP TABLE IF EXISTS `huella`;
CREATE TABLE `huella` (
  `idhuella` int(11) NOT NULL AUTO_INCREMENT,
  `huelladocumneto` varchar(100) DEFAULT NULL,
  `huella` blob,
  `estudiante_documento` int(11) NOT NULL,
  PRIMARY KEY (`idhuella`,`estudiante_documento`),
  KEY `fk_huella_estudiante1_idx` (`estudiante_documento`),
  CONSTRAINT `fk_huella_estudiante1` FOREIGN KEY (`estudiante_documento`) REFERENCES `estudiante` (`documento`) ON DELETE NO ACTION ON UPDATE NO ACTION
) ENGINE=InnoDB AUTO_INCREMENT=19 DEFAULT CHARSET=utf8;

#
# Data for table "huella"
#

INSERT INTO `huella` VALUES (7,'951031',X'00F87E01C82AE3735CC0413709AB71B0A214559211952A08DF0C1420372C5636A9130A0C9CC7D93D46B5FD999DE53219EC5C87804983703E0340B3B97F1CFB66873931CD259174B3F80CFA5445077688736F990429B16469456238936A1CBD16B8A02DD056A6AF7D4DB396D5598E41DA35BD7842D6A9EBB2E2B6E55C77BA6A37B5DF153F0F52E82056A1BFD1AA521B1B9700BF47C6F35AE11BE83AC7396BE4AD216FF9D3296786C51DB477DA15E38A6819B8E8DC51C48831D47634C3FE00720F1FF8F4AB8565E8E8C9FFDF542F62FA1AC16299F4FF07316311AB7DE4785CC6E3E5090B35A2950DB08D666785D1B0AB36F9E097A548860AF25C389642B038875B18971344C520E92B8A05CACFBB91C828BA8ED7573115117EA21710C191CDBDDA0AD8AF12F7C39EEE7E34C5F820E3E3A51EE15ACE33D4B374342A653B39DFFA8F67D48C2BC9A10D093A83CE25556538916431FB05FBB7A8147B2C63990E61BD0816373B91F359BBCC5D188728CDB6409C60D37539926186F89B6FFA9E1D5FF08A070B6F00F88101C82AE3735CC0413709AB71B0A01455926E70BA3CE4763BEC3DAE2FE9B757A4639640676FF74DF0E2667CB6D176BB4D3057F86299CEEF36DBE645D34A96A87A2AC5EEE971E87F10EAD1FA79C38CD55E16E77DD927ACCDB49E36E342CD45FA1EF7FB84E044AB8222D0AC1841D505E9D994A549E8B659C8D9E7AB84ED01F3BE79CEF597CF60E1D01A75BA27F3A7E1344F9B357FD464579CB659458CD90B2E8CE8CC263E499014E40C20BFC1FCC2B68A4170E6CADD2A6DB0B415960B59231BE8DD8F07BC4ED8809C99A0EFDB502B6D22E465BB03BA0C843072B3CED2BD3AAD88923E869B97E251060B5A651683954B373581230F64CFC937056ECE05F0E078E2F52C5C36E67B03CEEE862EA477E5A21B26B2C90A5583AF4ACD2543817884D45BB35308C7787C88A9647838BC776FD948BFA2FBCAFD1C66792747DC64B3FC4BF266842C9E019CB3A550574A91926F4504953AD3F468326B209DA817B65DC9D7901AD56A5EF0E9C70D41453EEFA6E066E3597F8818B06D993408B9EA5D6132A0EE143FA46F00F88101C82AE3735CC0413709AB71B0A61455920E580460A71FFB3506B38BF24AE8D5826CF9ECFCBFCB1C3FEA5B20A44EC4CC1B2E821004F05C938A136736524916792D0731E54E707477C0ABA5D992595FB2F662C4FF397DC9E2F795866F86FAD24A0EF8A6E2050165F6C4599B6A7866C8E880E0BD43D99EFAC4B9817BD0D0FE843B6F494C93A46227B590F3CE21D6B48ED1E81765115109FA86A36811E006919AA87B4E3868B8CDECC18326DFEBBB570D704AD12F62B6BFDF40FF1FB20CC02335AE63C0BD55BEC4B1B9281E69A6574A3D44C2CF4D2FF432037A1A522BBBD2F29C66117D6375962274F4372610E07E99042075D95DDFD0E9EFD3CE946D517F7D24E216BB335F1B33D12F13FB997ECB016A3B85A69F3FB073122BBD5B14EAC898079D97AA22C8884BDE03E0526C89D3C78530E9A8946A2094C267EF268DE7CF7982FD7E2E8703222F310D91107A365723B500EE1F9353734F9D1EDD9B139570416221E28F1C6BFA4D9D340BDE2EA0811B7F7DDAFEB4334012108014E566DFA1A73FD5B0E36F00E88101C82AE3735CC0413709AB71B0B4145592B529BAFF519565A556156EE7FC3D492312DE4ED50B17A15380F272F5C4550C5A14F7F2F81F72ABFA5A1EA3B8886DF99A37D3A3A1BF2D672833590BED911A463CA1B711593DF27B9334C8CF7AD728B30715AB340DC83A177A4B1B53983D6C1D65B22134DEA32E452B4D43EE4B746681B761E358C1669A6680C0DD084DD031B0624D940B00399DF8A2F72A7372031E4F910C957B91B25389BCA76876507D26383CE04A91AD492F8F8882A8F677E15CF588F0B74041580AD3549CEA5B388A590C13A2800FFCFEEDC6A8969638FA6C7E77DDA28E8DD87F303A6FA46A903A204B76A8B2EC02A1738B8DF159219DDD3043A966DD8451DA276F987AA3F89BC90B66334E0B308F2B26CBA404092F28316F50623A100CAF114FAD9F5E90F0E2AB12525F97E1DF0B6403F6DA03E76C47EF77089314421CAED563A9B96D92DC3FB38750941BB7DBE04B69280FE9D1047F362AC5D4AA71FF0BAD34CCBB6CD03F6A43BE2DD7FCB1AA118E42DADAEFF138F3553534D5EE6A6F000000000000000000000000000000000000000000000000000000000000000000000000000000000000000000000000000000000000000000000000000000000000000000000000000000',951031),(8,'1026',X'00F87E01C82AE3735CC0413709AB7170B414559261BC7F138DDEE35925E2FD8C62A760899B1C44C0D774E01E68F0AC7ADDE55A53BA8A5C3BA07CCB433D0CA766A332C62BF44D12D4E7348066D9292499A22EA6176E03FE558E05F2A80AE5689EF13D6AF2A5BFF8048C1FB679BB8E7E4E5FA9F696ED37090650563B2D857B4A78391027EE74158887B256E9F7E7B7A9B675E681661710F731DD8C063E448BC644A0E901A508C6BCBF71E5947261E8751C35EF72B3D4462414C272A320697ECCDA2D1A47D5BD93EBF54490FD7689E737D5EF4450BC641C6423401FC0A8F1D1F8781D5726B91BC70A9E9FDA18680B33621F212BBC1115634C90D94D27B0BAB690240166E92134F9EABCBA1F73216D0F247979AF3602300BCD61E526D9B6C6ABF3EBBA9AB83F26383D74982FE1A975997F4A00EB4F17EE0AEC0556EDE6241EFC5104E0F7CF69500B39AEE0744B1F2A8E68E040215A6876B1D3FD452043FAB9D9CF5CA390D23F35B4554582C54170C2EF5D3735EA62B524F706AB6AAEC44CA02555CF713B6F00F88001C82AE3735CC0413709AB71F0B81455927B62AB30820AA4452B1235B743A0A58E3E288FF5F3705F5AB459A89CF8B1ECCE7362E1EC01BDB1D8E1E8C89F05227AB85FAF21CCF7994FFA7F09BC872394CD6E7D280456FF262DF142821DA9BBBFF5D5D449C9188091E74B6AA10D557B097167163D9996BE1481E28801FAF108914BD61644D59590CB9FD8A271A9F231AF36B618822BAC1CFD91BC0B0A345391E1F407E425571E1807A2F60772D3BC85200A2916BAED9B8AA41F53044F1FC95331A93F011C50E3ADEBEA83A7974E8E624B90B66D188D727837E4408A9480EF18CD7E9F9C3316ABE6A2C4DA92CF974B25AD9EDEDC1030D03DE2FD4F441DA0154B101224A951275BDC8FB0F1BE2F7E8885D753482D050CAE4424DA1A458867BB0D826919B68FA551552A2D6F7F66A1064094CA6774FEA18089FB7C809D13ACE48B3C9E598B1FE509E9AA9FB356D7706B741740320BADBC17222AE07B408D9511B21DDC6F00E9628A8D765E1C05DCC8DC682EA9AB26BF0E6B62A9C8B48096FA95F086AF636F00F88001C82AE3735CC0413709AB71F0B41455923F79F1DEB3ACEAAD6B2EA04EF656D1866103F108468638CF7E62A82A82F4086B57FF8857FF45980C9CB578B8BDB9ADEAAF590D47703DC9D56C78906EF0DD0003F6F1DBAE8BE688430A8ABD931CCAE54055FEECDEA4501559C347440030AD63B503FDFC409211F11042C1A3F9CD1466E47C005B94FC4A1A8153BE5F264BC72BA996CDAE3BE9B711FA70449D1F12B40D26807CF3A42B91181FD604E04FC1A65C08ABB7F8A25C96370780D8F00CB5F2316BDB84F2CA20F93B8061E80CE990E04E9D2D25EAEA080499979E5C102BD80361AD23DDE3A15794D1D1FDBB6B54693E2C9C73B0D037A92B191D6F5C29AC0A614B37CA02517E3B9F55146FE410F5207EB072918CD097C9022D5586F870E2659FFC50ABA7C95EB2C21317C6214E33E0DEC0E538DA983025C0826289BEEF8E8117530BF4C238D472D47436D726E09216266BE5BD1899CA1210182C7D1D8C326193495AED92EAE037FCA26B1CE8DC7652CF9E7A0669353891D04F9A10432AE6FE6B3E586F00E87F01C82AE3735CC0413709AB71F0BD1455927733D4FB9D1FDC5F7567A0F50A05DE3066A32E0B59C72153092F8347A89A8D7F0299ECC672D886AE417C227E26A3175560B4F120DE0D5A3D2BDA69CF63473D42BBCD7CA2D521D591BE3EDE3EE0A8FFE323F1CB99899B3F91EFA83A51462EF8B40BA3FAB3126536EABD67ABC742CBB79ECE27EE53858611B2A60918C0BD288FF3FFE8E1A813E5F83C67EBFA2FB07C5B6099CDE441452C63AA6F5A57A1D945C9C6921C6B1BAA71A3D748ECAA9559783A84E0F67DB08D56B30BEC00C8C74423602C8D6033918EEEAAD1DD8FAAB2D87C1DCCD566985843EDA7E139AE70A90C4F95BABEAD63E846283CB7F78CB35E366E6BE8354BF79E8091AA5B94D965A6DCC725A90C90CD9D3B6B249AF97C4EDD72FFC92533AF4157369EFA7587494CD711FE3B82F6A990462991DDE8190D2E43893AE2A41C8F59DEE452EEDFEE7326AC54BA7EF8BDC75DDC09301E0FC2464A347E16A74FEB26CB63B102A5575EBE512C2FAFB444F1FA660C9814A3AED332D3DC7B58266F00000000000000000000000000000000000000000000000000000000000000000000000000000000000000000000000000000000000000000000000000000000000000000000000000000000000000',1026),(9,'12343',X'00F87E01C82AE3735CC0413709AB7170B31455926BFD53E5E90B2A9B8ED36FDFDEF121384877A56BF92CFC538EDE897CF067A0035D35A81CA1B6A08411B42213A19FF4C01FC745816597FF0F4F8A3413C298776487E3B91FE7A8F151E759C3AFB6155C32642D2212EEF0FCB2E297E60E35DD3470A83A3DF49067CC0D7881E605839B253EADA0F4A16F6F080B6F273AD4D07667C61E1D7EDFE8C90B076D6B3A37DF29BF03C87EF8E7EAF43DD169122A8D196F1D988480D711C6000EDF239216D27A66BC77615581D4206307F593D57474836874F8A717714B2B204481A46C9E0458CFC98204B401DC819F3FD9FC0C405B1B60A377D89A28361C2C4903AC6FCD4B9998AC9B3CF80116E6FF62D6105750199A4EBACF373E2C4F7F86E7066CF14C9E06EC03AECD9C4DF2DBC2DF7CED82798008009D1066813E5139D530B90A93D5E29196533242B5481640BE05C82142F5BEB98B95D738556B69AA50A155AB97D6067EDF9CCCC1F73434D2806C2C1D8A06011D9B93C26F7AFC3883F26C14F383FB72FE336F00F88101C82AE3735CC0413709AB71F0B714559293AC875F890052DD5CE56251E788883501C4923D8B26848816519121D92BCF184CD170BF2FC1585054041FFF9C65D3FCAD7B87FC73B0F993B721271AC60A126B96D7B3CC46391E7533BD9AEB6212B80D254EC1DC49856060D39EEE5860B5BB894EF370F89448BE24F3469E45C21FA325708CC526B5D82AB2A90501DA91AEC0E3508E3D463F6231440C24B6369CCF75894F53E2F6A0EC1F58DDF33449007C4E76453BA529BE3141E8B259B870DB96409C75EEA193E1FF3EBF6F9E21894E09054B19119797C89905F4A668DAFA39A7D5B6EAAD2DF73E3FC9EEDA5C1B36796FCE21A5531AEC8015B4F7CC391D5E70CF7AD70E645EEAB4A9888FD1C1B38C78BDB20D7B9EBCBDEF56A0FA5484722960CCA68B65195629982124EE21C6151E3CD584DEA6CE5A25012A259E4FCBCA9F3F75BB4FED1B82361886F6ABAC6612DBCEEB33DB25C4FCED0219E30317B3E900EAB41C993AD8B7C9EBBA49CE0D85955919790A77869BF436AABD2BAFF4BF18D259BD497DA16F00F87E01C82AE3735CC0413709AB71304A155592B2A7FA40C9FD945041EED4DA39E68FD8895FF404563D6FF44EFFE6B9299323E1836082EF97F1CCC98DCAD7E62561C723F88FD5FF900FBAFA22AEADBE21762A4CBDEE7B25714D77C9EABF9AE80D198C8B9533865ACB10C1309EF63BFF5E8B7D42B1E190D8A5E638D6675E76E5939AF6CD1277B7E4752103A540BE08412D320FC066DC99F062232C873BD0E5F32A921D60B06E1547FCA9D4C18FF02ADDBDD946CBE4253EBEEA0094A8C4B2E81445A40C3E909F0D0FBE972D6905543CFDCBBF902234CBE1FE750CCE4841990C3D1B821AAE4A93B8A9D834F4764E4A73207EB145B15795633B93470B64A0ED09C556F600C9012E2785DDC133BB6E11E7774C8AA0FC4EAA22C2388503580F801B2B6998E06C14A106B11A64AA8AE0727BD0A0A47FD2CA4230E772C52AA915D156411E27B2FE1884E7665AD29C42C05DD5EDF0E7D165EE0D330C33BD164A4D7B3299D21EF0CDEB3BC565B5DDCB22CF2E54C77D82557F72F80D55AA730619EA4EAC7DADDA6F00E88001C82AE3735CC0413709AB71704A1555922B0F997A9F55670D8C267A7C206EEF829BB3DDDD0E2E2256DF3AA9F0FE1195095F13D5EF96E259DB9E3D718F64E5062FA758F086CB7FE79E96A673B9FAD1907F610382EFFD956FB909267CE111F1CBDDA17089A11D251D6E02C62ED3F31989A5CEBC9B64C2630E299E718AFFB32F54E818A6C22B5F55A25001E664E42A27915CA0D876E62A712C45785C818C32991E6002A2728F3F6B4DC158A44DD3EB3C8F65F89379EE6ECFF27E8E84E4FB60B5ABE5D9237B6E938891DFC167D950CE974BBF06B496948D3260560B0FC28EB455F134DA4AC245F8E9ACB79D84889DEAB45DA95BE450789D6124C2CADD5890329ACF5427E85E96EA82F8EC1C81B15368476931EE4206DDF8FF6AC157F7004ED286CC72643746567F69A153DC67912D3D53DA663895E04309567F54714F7232E4F0BD1E3AAF2FB756B224F0A0B87490C8F9FA96C9F57059A52E95BA77B107787853C25CE40D751B67A74C3CA4477EE7783964A7B40B08F175ED53BFBC35499A00D68A8A6F00000000000000000000000000000000000000000000000000000000000000000000000000000000000000000000000000000000000000000000000000000000000000000000000000000000000000',12343),(10,'123',X'00F87F01C82AE3735CC0413709AB71B0B6145592219CC9B5BDC9449CE7981232AE3DFB528D1365A569EC12CB74765BDE907537595DE8839A32036A38044D90246C8525A5FF2389E2D93D1BEFA5D5B2006AA78E1C37FF927ACEAE0F77EFF427EE39569799EAD6142A9DEB7E4AE402A4A84E47396D74E5CF1A28035B2BB2D54B714975F5AEFD563377EA2DAB94FD662D4CBEDDF46C829787360E3911C3C7BAA6EEF30FA1CED687436AECD29B2A43B43C7F75277735897A0FAB67D913F4F5DC4B32167FF755FF4E9F0DFA6427853C8696AA8BFE7035772C43306FB24CD495C21186F3BBB821DA0F565B61D2D569FF9CFB14D08A0BD49C9E6226FB334F5A0AD77BC9E3A8DAE8A4960887FDFCA3AB5E1CBAF7430BB1C76DC0A5B8E9ADF1CB782AA1CF9435AD11287DC63B401B3B82DCDFB9B578E3A81B03E4520609C57C8DF076C72E8FDA886492C96A40860E77205D047CA7D10150A861C4CB4271D6EB092658E902C305A12C39EDD3DC67E79A55145C491B966675B647BEF09E8A7E416848F2C4FB0744F26F00F87F01C82AE3735CC0413709AB71B0BF145592AB4D33AB0386EE5AC46CE4F7E542A0C95B1402AA2ACF9B009FB62389606C42FF9F364DBBA322512A9FDCEC04875690BE281F043A3E704248E4F82C66DF1444BD4DB06376285A28263E55AAFBCF130E9E23076E8D7A010B8709879D218A5B037648A90D392CD0907474C2F93D5693102F6E1865FF84157D84B2B28D13A64E46973F1F725E320E4D62F5D6E2AA4CD9BE5270960CDFCBAB11E077017D2EEB98851120CD52B989DB16D9B848BA4063D1AED94B89D46D141540E74A50BFA8F5BE894857B6124ECCA7814A97A626D2FF1D41EB4B53DAC006FB60A7E057DE4569F1EF179CA361FBB71259BEB4296C9D6E78B3A660DC258E4BBC7AFB66C53987EF6D191A668911EBD6AC65B26871914140372110315D31363FB2A0E8CE6250979E55ADE408A4A56E1048F52E811B3A1FEEA8933631096B416D69CC1C1836D05F43B0DCCFD4479F5F901A9CC61A8B33F68536D8BD56EEA37769AEE0CD5083B9652862058C959EB2925CFF71DE694CC4247217026F00F87F01C82AE3735CC0413709AB71B0471555929614DEFCFF886BF07A41D87FCA05EB5F9BDE2D651EB204C121816EE29064A34830E7CF2C12BA0DF63F5941CD8EA0B98A379019BD27A70CA3386E4D3D6BAAD8A04EB8BED32C450546FA4FE05988056AEDF469EF2B3F8A052F7736D9098EDE04AF39910D426DCE27A26AEE810EC733C7F7556984900A0C91409FB9ACAB1A29F0DE6E4EF58E79B60695B8FC63AC06583E02A5A94C30E7753866745DE93F3ED0F35B4C79F94BACDECFDA3EB7BA37B71AAB994EDCDC7790D51E8C8A64819881B3B37065FF79349571C826B5E975D8CAD3069D1E667A922921CD9DD55857F32182EA224E7EFBD12F09B7CF866BDD4FC245BBC3F587BE11107334CBA7FB8E70B0D61A8FDCF7066926FCE967589F27210F55E932DBB306820E95B40569E776227426CB61458B7080ACBC71375F8828F3151622D853C4BA9FDECC7207B27FCFDAF02A5D86984DEE3C34036A0943ABF56BE1CE101788195B3469ADC6D03A8C8CFD665FD8B3F23E7AD5EF27DCEA2E77EB048107896F00E87F01C82AE3735CC0413709AB7170BD1455925AEE3CB89DB604970397B25755EC08B8DCA8355C2ABE9F35629854D4539DA2EEC22F47B04EC00E2FBDB8EDBC579FB39A5FAD1B833C9876D20E987F736952E7F0F50AD313D374A6506C39FE2630BF5FE945A16E7972C2BFA950A8C491C065836E86867E58800924666BA8E5E2D86D93376A93E5CFDB430EF02A6E537AEB9C826E18398BE06D40317B9CB7359FD37021EB302D75890EDE21B6D87E52E0CAC3BF8A4BEC363B135C150B85F45A1D9DF054DB953CEE6E04B65E276389F4824B92548EEB68ACA603286B6F70FEF4E5FA7C8A2BFED40D157BF11C5973671258EE635CA9B027CD2AF61AE32AD1BD4D99267AABA8546F246EEC20AC26FC88BEEA2D781CEA5C8A5FAA20C4BA5DE667E471EBFD00E6E79AFE1074B3C5001F88A4F2D8EACF925224BA64C05EF1BFB68D7DD614985436E2CD45A86CDFDE591BFB0ED940B7EB63D54F8294FF2A3B8B6C4B40E198C356BE88CA6CB1F72F2D12BB9F326610B1B5B2201DECDF81E2A9AAAEC0B65BDC64416F0000000000000000000000000000000000000000000000000000000000000000000000000000000000000000000000000000000000000000000000000000000000000000000000000000000000000000',123),(11,'1023',X'00F87F01C82AE3735CC0413709AB7130AA145592B00F7114DACDD2150D1A3A97956C8178AA50C8C762366292C8513C3C00F28AE18E479AB9E802F578B2D021B196A26DF19D3CAF4D6AA4290EBC50B473EA2EC52E22B0B5F229432129C33885CC4EE02084CCFCB58E81669A038B35B5CB1DCA5CFF46BBF50D0C6932329B3AA1C2B241E63C469A165613EAFD3AC8D7FDA548A565FD927052C05218447891523F33516FE0899E1DF1D6C87CEBF57C0E5D8C5A950525621BB38C38F7A25021D2486F2049E359FC60D71D3249EAA5E27B609CCE936CF6D2B7B97E91545F24AEF9B852DFCDF5B82A7A202A9BAFA2C22576190F584ED3037D881C1CB85B05F5C454D5E836A26A399F98499EC4A1FAA0ABCF465EEC57A5382A78E9F41608051C83CCD2E86380795F94BE85C2FBB53F06B88ED3C9AAC7B57D33D88E7FC02A9F1875524BDA8650F77CBE4B9CF034E77F645F1C7D5298483EBF759CC19C984132EA58F256B80AE1329043315418669967BDC2BEFB9086815498F9DA7A76F975980F99BE95F01ECD396F00F88001C82AE3735CC0413709AB7130901455928F38C8FFF01DB21BF86ACD1141387D6DF67DB696BFA77DDD7D67844935A084BC443AC76C2618CB1D67A23BA1EAC4CE7E83FA4FA9E10033D6DB8F6028792AFD362D7182889EE92875B5EB372FCF1A67A313D7264E699F53D96DD3FC0189020167036E6575FFEA684EBEC423A005593BD850543F4AEEBD8E62C0FA321EDD96B0C5FF50F581D69F55943D06C78A8AAF9E05C84A7581F03FD3D200D6F0EA7C353753F264071732F650A88CB941E4B0B3C77AADE3F371EA6E1AD213BD55A4FD5411FB23930E3FFDD56308E0F78930DDD6AF39BC69DB5EB07511B9A658778D946FF639401D8F7CD7C71F2D271B7F9EC249713DAFE10751BDA0AC998617BD2358F42317F4CDCACF684B1B53A7020FB5851051BE13003CDCC01AAF6CBD16B55FA4C0C4EA59A54D7948DB6CDBB8486E7C9FDF914AF3498EA59F7F2BE9A3BC917976FD032AD4233CC2110EAC5C32E4E8C86F7BE0A04217622931E6A710DDBE5C415FCD1464BF610FF8D23DFCD856D1FA112B805E956F00F88001C82AE3735CC0413709AB71B0A914559204E3125D776D9E6EB132C52E62E40CE20C5F83BBA9EF564C8659306261E6DA59E07A1BCEA9DAEB6AD788AED861269485EFEFCD670CDD72EA52E0FCF1ADB29DD46E09BB407362DBBEB1345F2C1929140AB43BE9F2752BDA580D2EBE79C4974B85A9616019DAF05DD9D0B51F6FBF7412EFC95DED0D3D018E8A541BB89412EA582002F2D614E2194622570E5D0486A8C81EFB8203C75F7392670AB8F2BF7F3E2737E11A722B7200BAD71637F5E42ACED6A9C1C93041FC68D99EC50C2A92BE384DE7B1588E6AC61BB6B106A19F57091BCD473B831E5FFF701D757D8774AD35DA3D6778400D8991D37FC974A1726676CDA0E5896BF648CAFD5A8FC257D49C05DA9390C8445830A8B12AFFDAADF261624041F0DE0381F381EE1499612A87D33D76491CE0BFE32232FDFD19D9D80368EAF0ADB4249E5EBDF40F6A0977F73A2FA7010B2BED8F51A70381E8D9F5019EF60FF917E4177AC976D0D2978E3C30EEDA5FD26BC82B731163B049FE783CA4D3A39E5A54156F00E88101C82AE3735CC0413709AB713049155592C3BFAC414F378D57C3410864195C555C0A87A2ECB8CFCE62CFEC0C02B6943FAC57AE581979E772EC38B0116EA0C8C01FF0D82C0184903277FB1646C88C519C51A9313995D3DA4EA01329E4AB22E956BC431907BBFA589F39AEC1518C19E34FCB24704131CCDDDDFA719C63926ADDADD9FA7CD1CA318CAB51DA9AAB84E53A1DDF3EC4FBC735CD41F0FDD0546245BC7B141160A387E98F4F3E8F0660EAD2AAE3ABE2DD1F65B8CE65F83B93C0B1D00FF0F194CAA21270DBE8351B1A069C0DC1B528FA1BBF5C8C4D53F159F232C1B303E3CAD7B7D0AF56A33214A08528421226B82DCAC8A3F810931445F5D72CDB4AB44126707EDBB7276AC1B09075BF9A43D2BB82A3A942F6F02C6252143459E7573C514523C2F5BB186E6E3FBBC48E880F1523D0A76BFBD46FC6FFD29E6312004A90FA961DEF53815447E06AAF9071B8FEA6750CAAF12644B7F9EE8B723E69F098D426403446B82471C453C6E6E0D9798BCB1374E8921C39678F33730A335ADD65FDFBA9D56F00000000000000000000000000000000000000000000000000000000000000000000000000000000000000000000000000000000000000000000000000000000000000000000000000000000',1023),(12,'1025',X'00F87E01C82AE3735CC0413709AB7130591555920DFE5AF751D4198AD920BEF1856F694A99D457E08D2B50DA794CD1279CBBD824F71EDF24BB15DAB22744CF9C521D939F56C4227B56A5C974DA6095E918130CB14AC763F3FF942C6ED07C17A2B98E367079BE89ABA5317EC9F2C6205BCE387545B027F81BAAC19BFD1E87762760BB59C0C645BA2D5CFAB4D735040624FC9ABE6B82299BD985E810780D1F60C67CEBB8D11DA810DC5229587A74BB666A7F58C38FC9A53A9AA4A92D7E70B4FE7E0532A5F0AE2C86FC2F9E4DDE33B80BD70950BBAC9A1CF69B4EC448094FC048E11EE8BC12749A1C96623BD4EE8852330B829B0622626C68C9BF4176CB07D6CD20ECDBFBE78DC9C1D4F04D1466B4C5A3D17B48A9CA2635B61567B7646B9A852F7CC49384BB6A7EA26CE2905F86B61569F06D55ACC32BE2B6EA9DE9D60303891886F1C62C898CD43856B5D8AD62D84D47BD7C68BEAC6CAD99495382014FC5FFE66A90AA0BCBB7FEB57FAFC4C6E6A54B4FD3661B9E21BC64131B8DD13C81DB50885E0CF96F00F87E01C82AE3735CC0413709AB71B058155592A19723D617CF98E5BD4CFF1A90D685AD771AA90EE59CF3F0F514A0BBA04E9712110D9B3A6B2F8EE3DCAEE65E98E35678F19BFC2CD6F94FE2ABF4962500368720B247BFB5E892E370335F15478A853CB19D181153C387D634E7C22210F42ED579078E92D4B0B8C3BD696FC66738159BFC742CAD27A06B93911AE5A3A651DB973FA54E1EAFEB1C36DA2B8049A4B963D3EA3D02686F841548A5FB5154FE22CAFDCD211DA8EAE4DF01E7F828097C1CBA410D5036A1156C7FE281E1CC500DB8016BAB3797407E3A39DF0B3C2B58E9986F0647D187C6B4246CF30C911754DB130E55266AEF3F1A8C290EB938B9BB29FA5F209C7F04020A1CFE173817643F1CA95C42DCAF76E94B0DD99903175F30A1B1ACA6270D1CF7E7F3BD7BBB0ABC81A8FBCDE0CBB97F37F6CDD7BEEF859DE057390DF5F10E9A9976E460A5BC8A353D96362A9823B2BD3F3FD7A47F765D65A3C8093A8873397BDFB96DCFACCA0430B0404430A4B7D7F539D4894D36DDE9ED4DBEB2256F00F87E01C82AE3735CC0413709AB71B0421555925F1C0A29734FD4656C7C915A60AC04B1567C9D025CF160703EE20C024840DDB4C254546DE3A2EA68C494262100B02101BF288E30BD5D15F56BD41B35F88DAFF89BA28B520E77ED0AC086541AE34D089B77AFA06B2118A316D460E56F9EBBF1D69BCD9FD3D9700A1FBC03F25897ABE66689F1142715195E6334754E6EE05516F4D9D7A479D6E35C30C8652F9CF915041FBA2E12670C11209E54F7C6CD4FF834477CF16BE0165FFCF082BB7A39ED8B14CD8B867BA8DF1785DDC92C400317AFAD1B1755D037EC772829074EDD4C055BF184FB89EACCF31D73B21D676B550E192125C6FEDAECEC419C21EBD4BE7FAE7E2A8B2A547B776A454E0B9B2B8C14E91DE440B516C292ED44B07337F058AC28303C199D27E2D4661304ED3A7CF2F752E1DAE681BB46637B943E63E84A7FA71FB1618446F71061DFA581733FA25DEEBAA42987C67909C48EACFCA40352193D48E86DD961569E113BFCF556CBC01CCE23B0C6940D26584DF0B978E0D15D8677D3C96F00E87E01C82AE3735CC0413709AB71B05915559214C0A158D71DB0B3F4F0AA01925E92148E4A1D48A613A7BC2FD71E4D83B73A6EE48F28A3F27A061FE14E34BCE94F1B59B104403CB3623A1B95624CD43D4943ABFFFEB606116C593F4D9D2F7D136BA580113B6423BF4EB35AF5ED918C7DC57C5B56C3491A9210CD75B2F5A3FDB1F92094C9C41004226140631535DB67E4C3407915553A31A9BB1F9DCBA51418FE36216CF76119FF260BA6B817383894C513666CAE23D91E34D04C5F953A24C7B7641A654B39E02CC535EC83EF9AD7F7E41F2EAD0A69DB594DFEC58B07351917A22FB0636B1A957C3EA6D33A9E6D6C39E20B54C80F5EE710794DB1A10F1C6D07F1BE56382AF036EAFC5E9A54844A25F00525D5D8C7CBB7F62BE6994576900D06DE968649EAB758FD94ED8445FDC180C549D37C2F0352A47398245BC4F5E833BA367C293705BD2B7D4C66B5F1E9A727D66D0DDE9504747BFF7255121C5A86058996F1774B66C36E57A5368851DE3C333734576ADDCB31176ECF1BB0EBAFFC06C9785B6F000000000000000000000000000000000000000000000000000000000000000000000000000000000000000000000000000000000000000000000000000000000000000000000000000000000000000000000000',1025),(13,'1027',X'00F87E01C82AE3735CC0413709AB71F040155592AC98AE115F8B952179BACB32E1389719A0068537E5F58EB8A437F7BF0D25A03BC061B1D54D92E2B117AF93ABEA63BB4E5116A8BC953F4EE97B57022EF63A67F5834C336B045322F03F3C37DF41F219ECFA8F54668B42FD246E915F3346950EFE86045FD625AF75BC9B92B05F8A0D19B6DD1DD46C7A6D59F8D34B6C21B9B098F0A00A4942E383CF0EC600126CFDFB81891294201CB99D89DCD3A20BD7B8AC462A13F9A217D3E3FFBC180C7837CE78CD034B821C5DC87A51886D7339AF072B8D7AB36A3CB39B64E0966EA6BDB5782FCB01BDC796A4BE9D957D5A2774011A1498ADC034EB2BF775BA8F16EC0613A85A1FAA9E9021641AF0F498DC9E621EA3847399932C876FC4A7A91B473C4C5EE052EB7A8992831375F438CCAD0B1A96AB491F0FEEF907F95C7A8610002221DEEBE5190BDF91AA325C8D2DD5DB7BD107C51E3D85DE5873A7281930126ABFA750D67F2D0737C350CBA10EC9CDF04153A8EB213EC35403DC7B4FFAC66D4F4FD8E1615B6F00F87F01C82AE3735CC0413709AB71B05C1555929BA9C8861B66D21AC7A3733A6B5412AB0F8CB9C598634B30EC8662955C525E96D9DFD620850FAE12267AAFB219C4C38FC462222A1C4F97D7194FC0DE75FBB21C78B30FCB2A0C395827E95F98742405F9D16C7130FD1D738EC1D199894921640DD940E567ECAD4E37970BA9271FF03E4BB8E54DAF8EF369ADA7ACA9420A4DC1D62409A098D8BD848B601C6AA98EC766BD37FF056E2FCDD53F5E2646BA10307B492B273F3C95B0F4094BEAF5D300E7225246484A997A4E6A621501D35C9020BB1DF2898CA9667FFCED20DAEAB6F05F21E4DB38441F3FB7ABD3B78D3EF9EE12C40DE4011EF98EC71A5FFD17D8B93000DEC1D6F401F84F3531DA3A1B86EBF127AB8633825DABD33BABA2D5BB10988EDFD6830680E8F40928BA4259626029745AD47314128DD05C5DCAD4F078760A27AE1B2DAB1E8237778CA1E161958B3DFAE6FFC0D3D8522F350E94BDF0EC781D713EE0E9322F57F43F34F6378A2836BB70BA6C5017476AF0C3B5E2E657EB317DA209506F00F87F01C82AE3735CC0413709AB71B0411555923B9C6DBCDAA0556C5486C409A19477B62C5DF27A48B372A27D645EAB05DFF5AB7802D769F2215D3DAF0DF87304980071E88275F8871C6C0CF1005B0B70C8FDC949C6321E21639D657CABB50F66FF5FAFDF233C96FF01C4992C6B1A18792D07F388788985D1C248E805C5682A4435C77174E046D10314DBBB952BBC585B90FB2544E048BC7F8B9179F97719196F04D7D0A3E40BF6D3B2739DCBE3EC0C52738EF0F335211A3CC6A245967452B8DECD5A92BE1DE40522A5F4DD69C3CA1169CF1A8A5CDF1FD53C8373084E5D720A17EF8F7D72A33CBCABB8490FED8586F96DC6DEB96DDB113CC2D49BC5AA41B5130782F657685603E96D65ACB1CCB71FA91046FE7DD138636DBEB4ACB91422CBA8F2EC293C74855C65082EE0364E4C290BC7A8875AB87FCE5BB6A5A2306EF6E4E1353C5D1EAACA22A6B20C21AA81AA92B1CB1CD5156C61F72D9ED1B756DF40E82A4C4597FB63D97891E10866CF3D58DEDE96D2D11A6B0596FC354588925D63BBBE6D850A6F00E87E01C82AE3735CC0413709AB71B0B514559279D6CDBF696C5FAAD3916BFC4F1FC8480BFAF87EEDBBB8511E1E676354738E94AFE50DC47B55B08CD8E1D27FFEC844B0552F4EED10647EA23F12E11DEF8E03AF0BBA35EBC7CBE2D509A7B9BE1FDA82BB35CAB94D13960531388FC680F11715C395455304344E4A40940E104791EF0CD9F53BFD44E57434D094DB4E4643281343F7DD3DA53249D5A0C8FFC413E4F2948726EB585316D03534EF0F8A0DF29B009563A874157FB62B7803EC6A0C1C9784322ACC92F02A464B2F847C9DD0848796C1FA9F2033E46B2FF60D16DE4E08F88D99A4547A818F2555CCC65D4195D0861E5EFAD633A6F03D72808C60D4410956F74C562E2419FF9D1CCCE8E5D329B723990749206E981191DCA5EE5FE390078337D6D71EADCB77726E5EABA06D99C46B03D5DF741EFEAB809566709038EAE76ACC0331517E74FCD7F08DB460FDDC5A2AAD5A1F40A2986C7219024DB35BAA5543B666C862117EFEC222E7488D5ADEC77BC8B788BE4779D6591CFBDE44A992C6F46F00000000000000000000000000000000000000000000000000000000000000000000000000000000000000000000000000000000000000000000000000000000000000000000000000000000000000000000',1027),(14,'1028',X'00F87F01C82AE3735CC0413709AB71F08F145592C2496F8EBE117426D20D157A5D50BD52BD8945CCBA8EDB3459D24D4ACAEA44E238F98B87E2CC387390A227241C44006426A697F16D901839363355DBD727709A1CD6AA783780C7EEC039BDB3B2449725A87B76D7079F0CA9430B22E5F8D7085B8BBDC2E73486E6AEB0F99EDA0A0A7FD9F8198CAB44E6F5D8C6EC009D65B52CF4A233B200462CFAD33975987B9681A013816EF776747FE5AF5F33285F109C3A0A65756B94C0DD4859CCB557C7021DFCD6E369FF461488475B280A6C852A049C9BC277F4F9D820C7240200760347D9A1347B5C3DA74AE0D318FC8B71B83D62E7848A63E3A9598B059E525A18714EB8E581F8EFFC4DFCAEF14927E747BB541BE1E561D2A5E7630581F33354D3CFF7B0ADE0EAAB5EEB69F5AFE0A4D3D3B65660A05EBA87B938B72FA5E92D08619EFF4155EE22F8A3A0A168F2237ED5161F7EC2BB09A3FA3E5CBA0A29E91EAEBF4BDFE649A42E5C2332A8EAC67967FEDA7C4BEEF07107548B60702D9E963880746C54FA646F00F88101C82AE3735CC0413709AB7130B6145592DE71ABAC9EDB27F001A88EA80F5AE042509D28685516D71F50D7758853755AA55B0B4737975362EBBFBCE770E92F2BE546303393C5E8B10085EC130518A451CCDF4489AED0741AB8C1FC9146F7D278D143F743B0058F6D3FD64DD7390AE3BE653193DB2E9D2EDD30AF64910C3F2A384D2EAACFB6DBA7FD6FB741C1CEB134672D735DDCD9424E09D2D04325C5DD9234738773A6F1302FF363347A118359D4ECAA08266F362DAA3157F3FA19D87DCB0E886E946FD007C41E9E0DB89B56FBAF42215534FAA9101DE2396B3D45FC89589C08E5878A1E8EE24A549A59E40141991BBD8359FAECA66C1BF7309023F393153CC4CCCCE18BA7AC6DAC5C7E11766EDEF592B8AC3DECCDEA3C072DA36A6B4783AF27D4B8465AF1C7E7DB055B2689EE2FC3838907EEBD21E2BBDA518B20DC77B17F6216E4F85C882D14F14AB6B38E8DC2B05DD42656B014A6EAB47B960F104ADCC3178B5D581156794D8181D9D2089F4539988D526CA7B52DFDE8E23AC74DFB174365166F00F88101C82AE3735CC0413709AB71F04E155592B2217FEBB8C7F0E58A4E4D8AE56A458E27C8B6E8CD9A94B24A5559539A26F5199C1FA08648F88E49F113562DA061AACC224F94650DA76F5F86719D4378C6CAC9A9BA57FD5A9D2A7DAE9B1E9C3F509F57FB572073E2703A13E594E0A68312DB7332990E0E343576964905206DF65A6D396B3EBEA85E7AF61AEBE85984255D88920E1C4897D02C71C7EBA17F9EBEEFA7AA52523949434C661D45D49FE2B12E91F8310A2B2E158F7D3327EAD44C5217C644E7A519F7017DB6A1BAAF38BE5A2C7A19E17CDED45F5F3955269C96A0BA0831D1B9C8529425329E6EFD57B6BFB6AB40AB1C2DD6688A24989342DB74415E446D1405D92FFF534566150B08B7F779ECB751DF8EFCA9C00E4C7C02BA458E4C6AF0A799DF8F800814B344A9837E9F5CB2A3EEA1110D61FCE2D4AFE019B5F441E51161E8F11360A5B93B9396AF99B6B98D0E42029D91FAB4BC3B8684AA732D3C3D4F3FBFA6866DBB7F26700FA45C9F566947482985D9ABE501199028F8581ADD5D6FC8386F00E88101C82AE3735CC0413709AB717041155592226AE8AAFD6A517C91C9E054BAB1734EB8199C69E7040FDA37B4F35C66E43FC3999F3E82F3EDF19DFC8B7411C7D6D153E14344600EAA37E29650D9EF8360C055B9DB3C584C21FB22FF7B327259046FDD05E09647F5CCD36EC3EA5088C155A11CD65524555398AC07A9C82CF5A2D616B42D2DEF0D12AF292AF70659F49BCE28712776EBFCF3E58EB7F0B3FA85944578AB8AD7C6C2FEF3210EDAF0D0AD9FD7B66E00A0F973D93BEE49848551C7B2CBAB8AC4D95A639D66B798296A1BA92A45EB75E4B6B09647B676819104DA86AB52148330787C52581B776D93D3C829BE8171735EE5168E42A5E35B19434B968684C0B7E51DBE7EB45AE05F35C2AEC0CFBF54C3789BA4F4D4272111FF8D0A14DF6E834D14B5472352A830EA2886FC979AFE5E12B64DA2BAEF8531E51FC4EAD16D56AD8FE3F0916EE2A7DE90134DFB260A21BD4D5EDC9B6B7EE72DA29ABAD6B37A5DEED092B3D237F91437C77A8C38AC254DD567213027B8B24F7D7DC4B3FA0F9EB41BD6FB6F0000000000000000000000000000000000000000000000000000000000000000000000000000000000000000000000000000000000000000000000000000000000000000000000000000',1028),(15,'0965',X'00F88101C82AE3735CC0413709AB7170B914559220253761371BD04DF4863396343F75DBD00B94EA3190B3E1191B35F9B4EE3B5C262BAB0C8A3B4787C14126A330B39B8FE9DF0157CC066D57FB60890DB6762BE0CB22D1F073778604B03C7668E6CB36A1DFF7A0FC1DFCA0E7CF26C458899AC508D76857670335DE6B683864620B814563A8AD5F7669C026B156A0984BA2271188BCC0C03035BC630EEAB29372E7711B9F5F230C7CB9681771BB3E60BB3E1A937E0B3C912F1B3CF8B39B2DCE7CDD6462A75BACD7AF6EE4A192B93A9856D9729B5F1F1742AF2D6955E60548D423A5035ED352473B552E95DF97EC3F9380D5B642756DA8F2353DA7A352715AE0F394E3017A8EB015C45420B7278E7356850867717D1632311B53C3E5EC20BA5F5E05016A556653E42A4997C73B0D31D6D656DA2DF3356807D98BB35E19B8369E77B6204B0B24563A59C572562394ED6F9B39A69A1DC625C8E5F67BE4F1021B2845D55AC995AD741A641BF32DAD9AFA89358963A6A5ADAC0A0F55B06EAA9CA4FB40622D5220956F00F87E01C82AE3735CC0413709AB71F041155592228F2487D6193CCDB4FDE12FE7E2BDEB645990ADFD5ED19628AE49146418108FFA771CF7C765A943AE25CA44331D48653F6C323CBEA01B4D4F9055C40AADB8CB47F128610B28C6825548C252F3C90F4D0DB581D39F92174805272AF4E50C8E6F81D67C715AC389DB4017BDD14553D9DF42F2566FC3D514F1ECA224B89F95CACADB27980CE03DD9BAC5BAA4920A96E869DB1E107A752CF60570D2E6CA403B31AB1AAF161E5DD54EC8D904E7E6C8E5CA6EFFBC7384516992E91C6148FA0580F247E9F70F3BD05830829A9DC94BC90AD480B4EE21D48D3EC2F2A32F8984564EEF46CF9C3AC584A38F48DB3BE42C402362EFB01065EBC4A99B12A8A30477C538BAB5DC990CF4C77B56AB081A7E839205607669B30AD59214C0FF8E86AFA96D3A4D0EFE4B94EA88062C6C131A7C8E6A1DF9F00CB393F16497E26EDC62E1E4D136E4BF3F03C624E5537215532B2746840B419251CC678D26D324DD211DBC491D0469AC9988F8107980882346B2655784546F00F87F01C82AE3735CC0413709AB71F094145592659BDE17C07DE9B55425C9539C4A33EB9CB59FC0D418CB7BBEBD7013D8BECDE2452ECC734F41CFDE9A69E6364D6915F45EB645707E113AEA1A02CFA5C95B47720690C3B7C15755F7DC53E60178398FF3BCEAC14ABF30A2BDCABC72F06A1E978A5C4906ECF21FC2FCBB4C6EAD69E189F5BF717AFF11BB90C11C3B1C1B90827C5F154DEAE05D7548F1B0D037BB5BD4680F7A463899A0380048C2E301A314052BD8BB29330A051475AC509AB35CE9326C6ED3B4ABAFBE124930DB3E1F3330950F27B88E1F31FF0BD34A53BE8F4B4E1135F8C170D09030DA6EF2DC82673EBFEF0F0195E18050030977917FECF253112CD8928AC2950908C0534645CD0692C56C3297311C74F03F08442E2626DDB208FD867E4CDF658DB3B60513071ADA0418B47E6D75D39D63101DC9833817D8CB6C8097405ADEBD89C98D20600E142D38EEDF41991C1C11FF17E8032EA751B496290511E08BF10F946C89B1D388CADBA6034D4D75AD97CCE1B7CCF09DC85E9D4672E25C6F00E88101C82AE3735CC0413709AB71F0B6145592810B7C4CB7B9BB025AD9F77D6BAB9F4F9548A3EA326A10CEAC9FAB29F509E378D40A73819259FAD7F8DD76008C9C1E62F5F7150DA834417117042C996C1752A40DBC7C776A0C8B9EF40FA3D42F09EE2D3BDCDAD8851300E7D46FBAC4ECAE2DBA498CE7895EE006D8585028B73A8DE22E08C05913FC733283A1AD38B241D8E95AB3440E4348CDF8D1D6316F279F54AC1CA11DA158C1B372906534DF96076F5F303640E1C04269EDF5854E28D6550D38B718004D4149644EFBDBE81DA7179A684E467E1D8970F878235CC3D5AC71936CC1A7BF0709841EC833FFFF0C8B72ACC9AEC76A3B5CA335A47F8112503C33683C0530337DDF4D4A02D5D21492D3EE969CDC635674FA31DE25B4C253CF15126FBE0E7BF6476B55F05091F3D48C90E954C02FB8BCDA77021758BDBA3BB9439BBBEAB0210D042FDC3E95E7D135EB7B75ECAB1D268159FA7601C7CFA298B055B3A0D27DB8DF9761905120E26C6B2559B0A620C938F8F939881E255FF0FC958717020131276F0000000000000000000000000000000000000000000000000000000000000000000000000000000000000000000000000000000000000000000000000000000000000000000000000000000000',965),(16,'1094962714',X'00F87E01C82AE3735CC0413709AB71B0EC14559210FC22A686C728B84F9C006FEB844E6A6B6CF88C5B1163CDCD4F298BBA440B44001BFFF54F0EBAB3B85C9F4A787D7C7122E2D2DA43BC0ED0F948932CF5A17498CEDF12F08735D82E72A7814CF8724CE904AA9A73EA11672EFC879D5F688F93F3ADF59E83BBF4A08DCFFCC773BB635FDF91BD0392081CC7612FF83226DA077FB14126A8FCD87EEA714E92BADFE1A129007C61A402A698FFE72F4C42D58DA33D4DEEA874F6F4212F1DF9086A2CB1EA6AA5B5394E1BA9330CC814254E6AA2FE28BF5EBA543FC92A0660F41058F457E30E203532E2591F0A4CA7074B6D655E9DE8B02959567201E91857A6E972164B18BF81CD626749E2D4677DF0F0110223142A11C36D99F95024658AFF108C8B5B5F1C0CE8A5D03CD85CAF9074D37D3547C14FBB231EAAE280F7BA3CE53CEC670D0355E6B239AC87E9CE6D4A674EE212419E706792A6F03D87E71460E4E3A18AECC3C56CF7A4BFF56AF5E28B2FF6EA1002D69D38A1D8B2782407E6BB0EB2720A640B6F00F88101C82AE3735CC0413709AB7130D91455925A386718116967C1313B646E11BBC32482269F65F57142550DE8E003C8BB5E316E540DC18DCA8AD18A2835A5AF5E1EED480AC4C4854BBDAED80F5523337DE35ACCE4EA6B55F463335BF81206E5682B0DF96473640A4DB5D984BE35A68951C777817CB183895EFE86B0BBCE5F99C464141648278E980E39E67A21EF3D63AE4CAAE6E8115229927FAED4A9742A8914B1110D09C4897FDFEC053AE59152DEAE02CC81B05BF00FB6B69C7450CEEF9F3DE9800BD0DA6A92CC4B9ED3E188027774048D7ECD3C763BA9DE9E94A3582AB8001D94F6F9455BD4A89014EC30653631195F03C9FDBE817217F06EF20EFF8CBFF3A96DB1EED867F9897624FC07D60DF2E5AA4C656B39A7DF1F603C2396DA9A33F46C48BEF8DBB7C9DCBF8E521DCC8B9C1209E7E0F8A46C682C2E8B8710DC3D7ED8385D91B9C2906C7BA3966FF46552453563EEA40323AC04BD8F1113546E5D3ACE19A0BC13EEA4E1769610E69629363C6597F7329B065EB9BD89805A942902DFBF3F21E46F00F88101C82AE3735CC0413709AB71F0DA145592210282ADD338E38202D8CC76816116E9E4B1050C8F7D58C21852B2B78967594A2B4585A1F794EA10AB42C1E9DA204D0EFB4F6D1A83E6F79698855894296C7149DC68D71B842434001508CE3360DD3E5A62748CB3E5CF8843282928AD673AA039903FE794EB7701113957DAC7DCA4C3585CD8EA5B3A9BB60EF6FDC5EF4E0DF842EE8FF48774FC5C61FF6DDB44DE8E39F8A7C98B70D31CD47DD396E176CB5D7E100CFCDEE9AEFB0D93029D620314B10B4746161A4FF73AFC52AF264D7425DD36F19DCEC4EBFE430F47CE0C9445685FD895B40BB206F7C2756925BC315F846BBC2E18115A0E593A0E9E1C59480F5AE65ED3580633D8B87D6DF5728F506C59B6B9DE8987512B434C88F5BF7B3D45E98F2FCE2C3C22F92B4588FBF2BEADEBAACC6138F5EDEF9820E5E2D889C1D96E52089FE7B3BE3780B63A7E7263FA759ABA004AAF61C52443E27820F0D2E0342F8EAEEC0D794FD84BF24AD3DD4228C85A7E600682D701F5CCFA5F3AA75893A25F6CEE5C2E576F00E86E01C82AE3735CC0413709AB71F0D91455921A4B2B0B6C0D2082962F58B040BB6A4F0C7E634D205991A8C14A7C4D0AC30331ADCDD4244B9E05C6530ED56DCBB4E5446B63112BDAD8C6514AA4C0C89B6E71C996F5F24E5F3C61B8AB31F1269A8471C0F3F162B52BFECA82B16E4CFF824FF47F33436D94D489C09FBFFBEF45A5BE0500A4932B3A35CADE352E0BAB4634C206159A32AE46AD889132D08C2B6ADE8F80E61DA641FC7FF00D2A8ABC71D471F082BF703EF3384301CF92A9BEF00510ACE4A13A35006E69C03865597C9EE32BD1A3B159BBB52C596085D728A5ECDE70212EF6A48E751157D6448A22BB7EC8D9195CA0B3492982153252285EF9D7FDF05E0B0E48377160702E35AC2CA714FA92F20BAFF1772B50101FF97D106F92DCC753A85DAB34B4F4C513FC023DA113A64836DEFDA7142574E5F7ACD4503B2FEE9F23E11DB754784CF27CFA5D02FDF32EBC0E08ED40A3B4AE7E8B2178B5E6504BCF43AC2A2E168A702F71C73A909FF70C37966F00000000000000000000000000000000000000000000000000000000000000000000000000000000000000000000000000000000000000000000000000000000000000000000000000000000000000000000000000000000000000000000',1094962714),(17,'1094927742',X'00F88101C82AE3735CC0413709AB7130EA1455924355B0CE84C5EECD967C812DA035EF6F1155A4D3CD3A5049ED88F9B8F8F32E628A52B9EC714D9F65A83B501C7FEAE0950C5AAA29A625578207DCDA03BF5F6A5314A64218DCDC9C8FA5C281C9A3B500F9765E45EEBFBDA5EDC4071D00839B26F3EDF1C41F87D65626E983D89BC1397B81637348454CB73C4981CB2E5BBB1A2DBD177CD758E742D78AFCFA2362F9ABF7FF8517C447DD3F78DB5DD881026678E97712762E14A532F23A04EEAF5E6AB056ECB25BE3BC426FB06A8F0436A2168F71B4680028372EE08247474B23820973E1086C56DE9AF6EA601F4CD0A8A363E890CB84E63D8219D661E1CCF62EA733E4EDE7E2697E51A85FB1CB0E71973C8A08EF849355D04EF7A170D31571527E7ECDD9CF32CD4051BBE6089CFF1625E26E48E70FCC05CD88B948B7562CDB8FDF5559C72519058536DE58873FE6730F24A4616258CAAA991248A5F6F7325A26A9F4B0967960B580537564CC1AE77FAED9D1E7FCB1562AF18AEE3BAD09E130F6C596ACC7A91A6F00F88101C82AE3735CC0413709AB7170DD14559293A3520ED6D5EE209CB54A1F9717295EBE5DF15AAD6D491F19A65C1FE21485198B08AD5FFEB4F876A76AD96817EB4FF1DE180198DAEE89957279C830FB104A15D9A8865546D39EAA0CA4E57D908DEF9639E3FC9E1486713C290DE8757DC08AF042FA4088BCADCEF03015D43F68DAC727748826D5972FB9ABD307C50D47DCBBC3D009E83F3400E639605A7532F2B47A9FE66B5AC9CB68D499E33931E98941A5665FFBD7E974D268FADC017ED301473B96E0606DAADC6FC64DBB1E2EAAA1263B931D70BA5408018167A9649EB08CE08FCAAC6127B2BF73FE422AF0DD8C95646C101A2EE662DAF6FD8FDC843F7A035376FB0BDF923A250A58B5FA112AB88931F8C08F820D34122FA6B29F23F0DE51846AC4DE3C51639F7B6FE679E87E05ADBE72A454853A00ECCD428B692204E9BF916EFBAB4EBE4D698E29143DD4ECA18E28E481D1961C4F4130DBC75A11FF36597D9D4A140D7EB72E2160673784779D2FDDE750C35C70384F6E4FEDCF9179963E3432B4F76F00F87E01C82AE3735CC0413709AB7130EF1455928F5B6A77847E7C0B599BB1F39A3328DEFEBB8DA1020060BB58797CE2BEFDCEFB9A6D012A9CFADD7DDAA823B6C666DA2C0BC5FED9C139042352989241A711C8F2417865920EE1336C983DBF273B6028C0D321717FCF5DDBE94909BE33B9CAC2DF352552E8B5C6598F6CDBF7F2DC4414FFE76D437F8E564DD17FE83BC57A3EFC9F0D89D5E40455B37BFCD294EFDD470536E818D6B3491A78EC9A26AC8184DB8113040713D6749F13D0D30BCBA5DAA2CDFE1CC6CFC25728B33F4BCB79846A8E040AB579D68B6279AAF313042ABCFC73B2AFE4E1273120845C79EB73F5BA72A05E0664AD2C4D5D4768A3FD803BBA0DF209E758F352E26E59A97B1796A33E554F43A8833900F36AE029DD2343D53C75549796E53CFEB4479F8A8EFE4D28ED409901ACECD0C606A81C18918D98869957BB3F32ADAFB26748A332AFA6B39C6B363559C4366C6671A09D0A8D622FB80D9F232E8975D994BD03A40A48DD37B27802A25E6C596A10C1203309C6BBD18ED8F9A26F00E88001C82AE3735CC0413709AB71F09E14559224A4A5C5D030E8DCFAA7BA5748A1BE6102392FD06A41AA879EC5970DC371F6F0B9559460DF112468B98ED7288666EFB3836738F84731CF75D960770955A442065D86DB2CD9F6B341D1859AF8B8890CBF5D744A535C02409B2720907F3FB50DC0B7B5CC3B8E2E875BD8BE98CFE5E43CE183965638CFE645613D2F23A989C63D1BE73C46CBF9DECED03B03E73F717D614918532C068703F549AF83758C99F6F0BB9034F012928BBDAE2534BC4B1A035D48D8865E2E61ED35E8CCE2DD7E198EB08D8D33364EA10054BFCB1C724BECB1C5202E277DF5F00B5CD099B584752CA05798BA32C9A4C70ADAC200A449A66B04B339988B9390BDB455B13314867C168719B87757C0D892299F7BF0F36646FAC29223347ED49D94091B0D077D70B8CCEDE9C8D8DFE1009BFBD5153BAB073C2AFC07F96248153820385A96076C5E4D9F179090DC07185CC1191A8C5C49CCDFB0A1639D87457C3CCCCEC589BDDDD96ADACFCA4777F5E80545AE580A16746C5B36AEF01A6F00000000000000000000000000000000000000000000000000000000000000000000000000000000000000000000000000000000000000000000000000000000000000000000000000000000',1094927742),(18,'9736170',X'00F87F01C82AE3735CC0413709AB71F040155592AD9748FEA083AA81FEB97F56D6F7E0762CEEAF336E3A3D490F022B54A5D36E71A1EC0233156EB309E14AB244B137178D149E45DC8806D62AEE03388393AD878A91F7AD7300A78277CF55E8818805AA1C56C1AEDB53230B4D579ED8B5D5D85375FDD9E5C8C4A64628E8D00852F92DC205E4CA6399DAC4E0D1D401074CD3D84ED2B12E27B0911FDE2232C845710B2CC863F7A99BD2A12E3A0619F3422C1654CABF2E5FDE83F34D4847EA5A49BD036DF0015B8157EF33562AD48B0281F0D0DB7C3A4BE9935BF45C17E81A6A53568C6477AFA32F8ACAFAC6D85A44739819D487B00B03C8F9F7CC1E4B48E50B48610D6705199A1C30A64F1F5BBD1B941BCFDDA2C6222139572B21659DCA273868ED2728C7599756AB86C2AE901E179441CF7389E3F8B26992DCE9F9955459EB4A4D780B89AA83B6F644BA814C748D37EA9FD85C1BB8485A22D031C78537D616A8C4C67E019FBCC900A5C890D6C07B14AD6E87F53CA66671A677C137D0386EC4B4DC9FD39C6F00F87F01C82AE3735CC0413709AB71F05D1555923C62835AD220C096040DD6AA700F51F5393EBF55C505521A19EDB5C3F5AC9C48AB511CA276F469061E1CE14BDC29E317A6FBCC8237AA5A84F121FA7941E1213DE6F7B4203FFE27B2FE6559D5D30FA21EE25E849067959DB2D8171AE5593E33AC96815A1683AD657235C24AC985B447ACDE0F95C88FB569B1341891598F4A8725EF8EFF92DE0C79AAECB07E90A1E62462497602EB62830D493B5FC5C40EDE019BAE2049A4D4DAF883EBCEB0B867B4515D27DFAF8286AF382C13A2DA9990FB64A0141C9F6D8E525F4578C6EF6497B2D0960D50830F233DE7049DF073E049010DB594D6CF4E503A5B587D40075ABD74F922558740651EBE5C7E728D9070E8DB966D4D6440FA3EA5C8CFD718C4939C121619CAE7E6F39646334F8B09E68EA03E6EDDF54EA10B6CE728FCFE72CDF7CFAA6F25C7464D4949C58C0FACD36D862FE7B9B289153BEFF83D6441084ABC05CA21E1BD6CDFFBE48F507ED634BF884D4A420F8C7B4280303525E88223D3885407F2916F00F87F01C82AE3735CC0413709AB71705D155592C5A40C1BA5C2EE3B131533D8816D2A5988A2FD8A7229D95DFC7E1A31CD6C40741B357B31EA9F5970E93BB76C13046F1980A053113FE7C6C343F7168876EF8400E54A5EA8EBFF4819A8AD3D5D5265048F38A4C154DA53515D361AED3BDF28BFC54EE74E848B18355EDE644BA0ADC54A627A3041E9CDDC216DA9169B22A62B4DCF186BF7F2E05A9F7CD1FF1C84FE63A38A46695AF5836754086715CF2CA6444DBC0DF83EAD9F701F29319FE89D46D98EF157F3E0EBA02CA2B9B215C4B9DC32249C2293A78DC861A39DCD2EB40F7376835A51C54BFB0369F7862681359CEEC9CA05561EFF4AD00ADE9B6F20D040BAAE8580F8924E295B5731D6478178FEDF507680FDE64C7A788988D2882DB9B7A96F3EA0F4D1E81591459BEC11D264873BDDF9DE2CCCD1CC8099926150A9766D0C0ED4C37930360CB6B95C2708B1B9963874AC77B7BB12E12F40DC92BCEED51F6F2ABBD331DAA15880579D28856F5965E282290BEB4478D49E53611049BB45820702E46F00E88001C82AE3735CC0413709AB71F043155592399044D03B31398803D3FF708467348CEB861EC0D73CA4F4360F9AEC4F0097AE48F1A9395ABBA73F62CDC43DA248D8EFB56B7E96D114EEDEA4DEC4BE3B5379C33F7BC49631D55A6F0F2C791A4F9A66D9B5928635898B2F6754645F244E66A2F346D4F111D352984E7C2A7BD17567D6E8A864FCEC7F7D3491753FC76CDFE5AF46E4B486342798B8B0E5E00381D85622A31BF703DDC308A87897742EF46B249DEE6B2C950B3913774EB3CD848F26312B9F50A55D26E71E734A28410A2A48111410939724ECE1762A46B42ED032E9787C54BE54B1AF360184D1D71F7C1A001B5C58B24D7D81C56CCB0309150D848166C6C69988A50DB37D6E6C09AF36D8B3CCB6AD4769FBF3ECAA9AA8C127EBF09BAE0CFE91B4566770A29FD4F0D10161CD03E0DF39AD6DC78606C5A883271A951708453169A635B258F7395327A16C00E2A334A45CDD546E8669A06A564E5FD7DDEC0E32D1898FABB9F90433FACF68D31DB824FCC2183D05E0AEF4EE82FD7BD362D3312B6F00000000000000000000000000000000000000000000000000000000000000000000000000000000000000000000000000000000000000000000000000000000000000000000000000000000000000',9736170);

#
# Structure for table "instituto_montenegro"
#

DROP TABLE IF EXISTS `instituto_montenegro`;
CREATE TABLE `instituto_montenegro` (
  `Nit` int(11) NOT NULL AUTO_INCREMENT,
  `documentoEstudiante` int(11) DEFAULT NULL,
  `fechaIngreso` date DEFAULT NULL,
  `ultimoIngreso` date DEFAULT NULL,
  PRIMARY KEY (`Nit`),
  KEY `documento_Estudiante` (`documentoEstudiante`),
  CONSTRAINT `documento_Estudiante` FOREIGN KEY (`documentoEstudiante`) REFERENCES `estudiante` (`documento`)
) ENGINE=InnoDB AUTO_INCREMENT=37 DEFAULT CHARSET=latin1;

#
# Data for table "instituto_montenegro"
#

INSERT INTO `instituto_montenegro` VALUES (15,951031,'1999-05-24','2017-05-17'),(16,1026,'1999-05-24','2017-05-17'),(17,12343,'1999-05-24','2017-05-17'),(18,951031,'2017-05-17','2017-05-17'),(19,1026,'2017-05-17','2017-05-17'),(20,12343,'2017-05-17','1999-05-24'),(21,67566,'1999-05-24','1999-05-24'),(22,123,'1999-05-24','1999-05-24'),(23,1023,'1999-05-24','2017-05-17'),(24,1025,'1999-05-24','1999-05-24'),(25,1023,'2017-05-17','2017-05-17'),(26,1027,'1999-05-24','2017-05-17'),(27,1028,'1999-05-24','2017-05-17'),(28,965,'1999-05-24','1999-05-24'),(29,1027,'2017-05-17','1999-05-24'),(30,1028,'2017-05-17','1999-05-24'),(31,1094962714,'1999-05-24','2017-05-17'),(32,1094962714,'2017-05-17','1999-05-24'),(33,1094927742,'1999-05-24','2017-05-17'),(34,1094927742,'2017-05-17','1999-05-24'),(35,9736170,'1999-05-24','2017-05-17'),(36,9736170,'2017-05-17','2017-05-17');
